card_no,card_name,card_type,payment_id,payment_date,email,phone
ISML100000EMC,Naveen,Schlorpass,9f84f8a1-7e3b-4d3b-901c-3fa2e06a110a,2025-june-10,naveen@gmail.com,9876543210
ISML100001EMC,Saravanan,Infinite pass,239c1c9d-1b57-4aeb-aaf0-560a8742e412,2025-june-11,saravanan@gmail.com,9876543211
ISML100002EMC,Jaykumar,edupass,5b7e0241-bf9e-4660-94f6-d8f474e1e02c,2025-june-12,jaykumar@gmail.com,9876543212
ISML100003EMC,Akeel,Schlorpass,93adccdf-1f95-4d64-a938-620f9e3823fc,2025-june-13,akeel@gmail.com,9876543213
ISML100004EMC,Baskar,Infinite pass,abed9ff2-df2e-4202-a8b9-3c1223c0eb91,2025-june-14,baskar@gmail.com,9876543214
ISML100005EMC,Mani,Schlorpass,71266f98-2213-4905-b31f-b0eab1634e4a,2025-june-15,mani@gmail.com,9876543215
ISML100006EMC,Bharathi,edupass,d55f1581-c9e3-4626-b9b8-df956eb1778f,2025-june-16,bharathi@gmail.com,9876543216
ISML100007EMC,Mala,Infinite pass,76bb2b0f-2f17-43f6-a8a7-2d7c12003b5e,2025-june-17,mala@gmail.com,9876543217
ISML100008EMC,Rahmath,edupass,efac31a7-5f71-4f4e-84ce-4d174d7f3f85,2025-june-18,rahmat@gmail.com,9876543218
ISML100009EMC,Gokul,Infinite pass,33cb69da-f51f-4e4b-870f-8ec15de1d131,2025-june-19,gokul@gmail.com,9876543219
ISML100010EMC,Prasath,Schlorpass,39cb69da-f50f-4e4b-870f-8ec15de1d186,2025-june-20,prasath@gmail.com,9876543220
